Study_ID,PROBAST_Participants,PROBAST_Participants_Justification,PROBAST_Predictors,PROBAST_Outcome,PROBAST_Analysis,PROBAST_Analysis_Justification,PROBAST_Overall,Author_Year,Full_Title,PDF_File,External_Temporal_Validation,Independent_Test_Evaluation,Calibration_Assessment,Subgroup_Auditing,Interpretability_Reporting,Code_Availability,Data_Availability,Ethics_Governance,BestPractice_Score_8,BestPractice_Score_Pct,Validation_Type_STD,Ethics_Status,Ethics_Page,Ethics_Evidence,Data_Availability,Data_Page,Data_Evidence,Code_Availability,Code_Page,Code_Evidence,Interpretability_Reporting,Interpretability_Page,Interpretability_Evidence,Calibration_Assessment,Calibration_Page,Calibration_Evidence,External_Temporal_Validation,External_Temporal_Page,External_Temporal_Evidence,Independent_Test_Evaluation,Independent_Test_Page,Independent_Test_Evidence,Subgroup_Auditing,Subgroup_Page,Subgroup_Evidence
1,unclear,Insufficient detail on sampling/representativeness,unclear,unclear,unclear,Validation limited; calibration incomplete,unclear,"Alam et al., 2025",Advancing Nutritional Status Classification With Hybrid Artificial Intelligence: A Novel Methodological Approach,Brain and Behavior - 2025 - Alam - Advancing Nutritional Status Classification With Hybrid Artificial Intelligence  A Novel.pdf,0,1,1,0,0,0,1,0,3,37.5,Hold-out split,Not reported/unclear,,,1,20,Data Availability Statement All datasets are available at https://www.kaggle.com/c/histopathologic- cancer-detection. Peer Review The peer review history for this article is available at https://publons.com/ publon/10.1002/brb3.70548 Ref,0,,,0,,,1,3,ate and univariate analyzes. The discrimination score was assessed using the ROC curve and the Hosmer-Lemeshow test for calibration. A straightforward and efficient prediction approach was suggested to estimate the probability of SAM incidence in children under five in developing countries. The SAM prediction model func- tioned effectively as a trea,0,,,1,1,"t is clustered via FHO-K-Means to establish optimal groupings. The clustered data is then partitioned into training and testing sets for classification using the extreme gradient boosting fuzzy (EGBF). The EGBF model is employed to classify nutritional states, including stunting, wasting, severe wasting, overweight, and underweight, providing a robu",0,,
2,low,Population-based dataset with adequate sample size,unclear,unclear,high,High AUC with weak validation and/or no calibration reporting,high,"Anku & Duah, 2024",Machine learning models for predicting childhood stunting using Ghana MICS 2017,Predicting and identifying factors associated with undernutrition among children under five years in Ghana using machine learning algorithms.pdf,0,0,0,0,1,1,1,1,4,50.0,Internal resampling (cross-validation),Reported - exempt/not applicable,6,"Ethical considerations Ethical approval was not required for this secondary analysis. Verbal consent was obtained from each adult participant and children aged between 15 and 17 years during the primary data collection. For the younger children, consent was obtained from thei",1,1,"s unrestricted use, distribution, and reproduction in any medium, provided the original author and source are credited. Data Availability Statement: This study was based on a publicly available dataset with no personal identifiers, and is freely available upon request from the Ghana Statistical Service website (https://",1,2,cef. org/surveys) after an online registration. The code used for the analysis can be found in this repository (https://github.com/KomlaRD/machine_ learning_undernutrition). Funding: The author(s) received no specific funding for this work. Competing interests: The authors have declared that no competing interests exist.,1,16,B. Interpretable machine learning for demand modeling with high-dimen- sional data using Gradient Boosting Machines and Shapley values. J Revenue Pricing Manag [Internet]. 2020; 19(5):355–64. Available from: https://doi.org/10.1057/s41272-020-00236-4 PLOS ONE Machine learning to predict undernutrition in Ghanaian children under five years PLOS O,0,,,0,,,0,,,0,,
3,low,Population-based dataset with adequate sample size,unclear,unclear,unclear,Validation limited; calibration incomplete,unclear,"Azriani et al., 2025",Prediction models for stunting at 2‑years‑old in an Indonesian newborn population,Prediction models for stunting at 2-years-old from Indonesian newborn population.pdf,0,0,0,0,0,0,1,1,2,25.0,Internal resampling (cross-validation),Reported - exempt/not applicable,9,rements for adults and children were met and approved by the IRB  before fieldwork could begin. Consent for publication Not applicable. Competing interests The authors declare no competing interests. Table 6  Prediction on Two-Hypothetical subjects by the final prediction model Actual Stunting  Prediction Mother’s  height  (cm) Father’s  height  (cm) L,1,9,ty. This research was funded  and supported by the Indonesian Ministry of Health through funding for  study assignment. Data availability The data presented in this study are available in the manuscript. The dataset  used in this study is publicly available and can be accessed through the  RAND Corporation website at ​h​t​t​p​s​:​/​/​w​w​w​.​r​a​n​d​.​o​r,0,,,0,,,0,,,0,,,0,,,0,,
4,low,Population-based dataset with adequate sample size,unclear,unclear,unclear,Validation limited; calibration incomplete,unclear,"Begashaw et al., 2025",A deep learning approach (LSTM‑FC) for classifying and predicting children’s nutritional status using longitudinal data from Ethiopia,A deep learning approach for classifying and predicting children’s nutritional status in Ethiopia using LSTM‑FC neural networks.pdf,0,1,0,0,1,0,1,1,4,50.0,Internal resampling (cross-validation),Reported - exempt/not applicable,20,"20 of 24 Begashaw et al. BioData Mining           (2025) 18:11  Declarations Ethics approval and consent to participate Ethics approval was not required for this study as it involved secondary data analysis of publicly available datasets.  No new human participants were recruited, and no direct human or animal subjects were involved. The data were  anonymized and public",1,19,". Funding This research has no specific grant from any funding agency, commercial, or not-for-profit sectors to report. Data availability The dataset used in this study was obtained from the Young Lives Study. Access to the data can be obtained either by  completing the form available at https://www.younglives.org.uk/use-our-data-form selecting the datase",0,,,1,1,"ssing values, normalization, and balancing,  to ensure optimal model performance. Feature selection was performed using SHapley  Additive exPlanations to identify key factors influencing nutritional status predic- tions. Hyperparameter tuning was thoroughly applied during model training to opti- mize performance. Furthermore, this paper compares",0,,,0,,,1,4,"presented in Table S2. Table 1  Performance metrics of LSTM-FC model across different time-based data splits Train set Test set Sensitivity Specificity Precision F1 AUC (95% CI) Accuracy (95% CI) 2002 and 2006 2009 0.72 0.68 0.7 0.71 0.74 (0.70–0.78) 0.69 (0.65–0.73) 2002, 2006, and  2009 20,013 0.78 0.75 0.76 0.77 0.80 (0.76–0.84) 0.77 (0.73–0.",0,,
5,low,Population-based dataset with adequate sample size,unclear,unclear,high,High AUC with weak validation and/or no calibration reporting,high,"Bitew et al., 2022",Machine learning algorithms for predicting undernutrition among under‑five children in Ethiopia,machine-learning-algorithms-for-predicting-undernutrition-among-under-five-children-in-ethiopia.pdf,0,1,0,0,0,0,0,1,2,25.0,Internal resampling (cross-validation),Reported - exempt/not applicable,11,"content of the manu- script and then approved the final version for submission. Ethics of human subject participation: Not applicable. Supplementary material For supplementary material accompanying this paper visit https://doi.org/10.1017/S1368980021004262 References 1. Black RE, Victora CG, Walker SP et al. (2013) Maternal and child undernutrition an",0,,,0,,,0,,,0,,,0,,,1,3,"0-fold cross-validation. We used 10-fold cross-validation on the training set, and the performance was estimated on the testing set. Combining algorithms into ensemble predictions To increase the accuracy of the algorithms, we used ‘Stacking’, the most popular method for combining the predictions from different algorithms. Using ‘Stacking’, multiple",0,,
6,low,Population-based dataset with adequate sample size,unclear,unclear,unclear,Validation limited; calibration incomplete,unclear,"Chilyabanyama et al., 2022",Performance of Machine Learning Classifiers in Classifying Stunting among Under‑Five Children in Zambia,Performance of Machine Learning Classifiers in Classifying Stunting among Under-Five Children in Zambia.pdf,0,1,1,0,1,0,1,1,5,62.5,Internal resampling (cross-validation),Reported - exempt/not applicable,9,s have read and agreed to the published version of the manuscript. Funding: This research received no external funding. Informed Consent Statement: Not applicable. Data Availability Statement: The data used for this study can be accessed with permission from IPUMS DHS https://www.idhsdata.org/idhs/ (accessed on 22 March 2021). Acknowledgments: The Enteric Diseases and Vaccines Re,1,9,ion of the manuscript. Funding: This research received no external funding. Informed Consent Statement: Not applicable. Data Availability Statement: The data used for this study can be accessed with permission from IPUMS DHS https://www.idhsdata.org/idhs/ (accessed on 22 March 2021). Acknowledgments: The Enteric Diseases and Vaccines Research Unit (EDVRU),0,,,1,4,"Children 2022, 9, 1082 4 of 11 Figure 2. Feature importance score. 2.4.2. Random Forest Random forest (RF) is an ensemble method consisting of a collection of tree-based structured classiﬁers [17]. RF is used for classiﬁcation, regression and dimension reduction. It is efﬁcient",1,1,"among children under ﬁve years of age, on the 2018 ZDHS dataset. We calibrated predicted probabilities and plotted the calibration curves to compare model performance. We computed accuracy, recall, precision and F1 for each machine learning algorithm. About 2327 (34.2%) children were stunted. Thirteen of ﬁfty-eight features were selected for inclus",0,,,1,5,"stance as stunted or not. We used 3-fold cross-validation on the training set, and the performance was estimated on the testing set. Models were evaluated based on the F1 score, Cohen’s kappa, the area under the precision–recall curve (AUC-PR) and the sensitivity and speciﬁcity of each model. Data analysis was conducted using Python version 3.10.2 [",0,,
7,unclear,Insufficient detail on sampling/representativeness,unclear,unclear,high,High AUC with weak validation and/or no calibration reporting,high,"Hadikurniawati et al., 2025",A Dual-Fusion Hybrid Model with Attention for Stunting Classification (1D‑CNN + Anthropometrics),A Dual-Fusion Hybrid Model with Attention for Stunting Prediction among Children under Five Years.pdf,0,1,0,0,1,0,1,1,4,50.0,Internal resampling (cross-validation),Reported - exempt/not applicable,12,as provided through a grant with reference number  108/E5/PG.02.00.PL/2024.  6.4. Institutional Review Board Statement  Not applicable.  6.5. Informed Consent Statement  Not applicable.  6.6. Declaration of Competing Interest  The authors declare that they have no known competing financial interests or personal relationships that could have  appeared t,1,11,"., I.S., C.A.; Visualization: W.H.; All authors have read and  agreed to the published version of the manuscript.  6.2. Data Availability Statement  The data presented in this study are available on request from the corresponding author.",0,,,1,11,"include national-level samples, integrating temporal  growth trends, and exploring interpretability techniques such as SHAP or LIME could improve model reliability and  explainability in public health decision-making. Real-time or mobile-based implementation is also a promising  direction to enable wider accessibility and usability in low-re",0,,,0,,,1,7,", all base  learners are retrained on the full training set. The predictions generated by these retrained models on the test set are  passed to the trained meta-learner, which then outputs the final classification result. This late fusion architecture  leverages the diversity of base models and allows the meta-learner to adaptively weigh their ou",0,,
8,high,Small sample; potential selection bias,unclear,unclear,high,High AUC with weak validation and/or no calibration reporting,high,"Harrison et al., 2020",Systemic inflammatory biomarkers and subsequent infant growth in Pakistan: a machine‑learning approach,Machine learning model demonstrates stunting at birth and systemic inflammatory biomarkers as predictors of subsequent infant growth – a four-year prospective study.pdf,0,1,0,0,1,0,1,1,4,50.0,Internal resampling (cross-validation),Reported - exempt/not applicable,9,"han University in Karachi, Pakistan (informed consent obtained from parents and/ or guardians). Consent for publication Not applicable. Competing interests The authors declare that they have no competing interests. Author details 1School of Medicine, University of Virginia, Charlottesville, VA, USA. 2Children’s Hospital of Pittsburgh, University of Pit",1,9,"under had no role in study design, data collection and analysis, decision to publish, or preparation of the manuscript. Availability of data and materials Biomarker data used for the analysis of this study is available as part of the supplementary Additional File 2. Additional data used and/or analyzed during the current study is available from the correspon",0,,,1,3,"m sample leaf number at 2, and minimum sample split at 4. All other hyperparameters were set to the function’s default. Feature importance results were then Harrison et al. BMC Pediatrics          (2020) 20:498  Page 3 of 10",0,,,0,,,1,4,"zero importance. With optimization, this random forest model predicted stunt- ing at 18 months of age in the set-aside testing set with 78% accuracy. Table 1 Patient and Maternal Characteristics of the 107 infants followed till 48 months of age Characteristics Frequency (%) Gender, Male (%) 46 Preterm Birth (%) 52a Advanced Maternal Age (%) 64a Bre",0,,
9,unclear,Insufficient detail on sampling/representativeness,unclear,unclear,unclear,Validation limited; calibration incomplete,unclear,"Hasdyna et al., 2024","Hybrid Machine Learning for Stunting Classification, Prediction, and Clustering Optimization in Aceh, Indonesia","Hybrid Machine Learning for Stunting Prevalence- A Novel Comprehensive Approach to Its Classification, Prediction, and Clustering Optimization in Aceh, Indonesia.pdf",0,0,0,0,0,0,1,1,2,25.0,Internal resampling (cross-validation),Reported - exempt/not applicable,30,"r Fundamental Reguler), contract number (115/E5/PG.02.00.PL/2024, 078/LL13/AL.04/AKA.PL/2024, 011/LPPM-UNIKI/PDF/2024). Institutional Review Board Statement: Not applicable. Informed Consent Statement: Not applicable. Data Availability Statement: Dataset available on request from the authors. Acknowledgments: We extend our heartfelt appreciation to everyone who contributed to the suc- cess",1,30,LPPM-UNIKI/PDF/2024). Institutional Review Board Statement: Not applicable. Informed Consent Statement: Not applicable. Data Availability Statement: Dataset available on request from the authors. Acknowledgments: We extend our heartfelt appreciation to everyone who contributed to the suc- cessful completion of this research. Special thanks go to the Direk,0,,,0,,,0,,,0,,,0,,,0,,
10,unclear,Insufficient detail on sampling/representativeness,unclear,unclear,high,High AUC with weak validation and/or no calibration reporting,high,"Hendy et al., 2025",Machine learning‑based classification of child nutritional status using Egypt DHS 2005–2014,Supervised machine learning for classification and prediction of stunting among under-five Egyptian children.pdf,1,1,0,0,1,1,1,1,6,75.0,External validation,Reported - exempt/not applicable,13,"aggregate-level data and  involved no interaction with human participants, additional approval from the  institutional ethics board was not required. This study adheres to the ethical  principles outlined in the Declaration of Helsinki and complies with the data  usage policies of the DHS Program. Consent for publication Not applicable. Competing interests The autho",1,12,"onducting the revision. All authors  have read and agreed to the published version of the manuscript.” Funding: None i. Data availability Data is provided within the manuscript or supplementary information files. Declarations Ethics approval and consent to participate This study used secondary, de-identified, and publicly available data from  the Demograp",1,3,"ng classifi- cation algorithms, and implementing various methods,  supported by developed code available on the Kaggle  repository online ​h​t​t​p​s​:​/​/​w​w​w​.​k​a​g​g​l​e​.​c​o​m​/​c​o​d​e​/​y​o​u​s​s​i​ f​h​a​s​s​a​n​/​f​o​r​k​-​o​f​-​s​t​u​n​t​i​n​g. Data cleaning For cleaning the provided data, we used the following  strategy during the cons",1,6,"rithms, such as XGBoost, Random Forest, and Gra- dient Boosting, handle feature selection during training  and evaluate feature importance, Logistic Regression  penalizes irrelevant features with regularization. KNN  does not perform feature selection but uses all features to  compute distances. The dataset goes through preprocess- ing, and feature scaling",0,,,1,12,"these meth- odological strengths improve the credibility and utility of  the research for public health practitioners. External validation and generalizability This analysis utilized exclusively the 2014 Egypt Demo- graphic and Health Survey (DHS), without any external  dataset for validation. Therefore, although the model  displays high performance for Eg",1,12,"HS data. This is a significant contribution  towards region-specific public health research. We went  beyond the static train-test splits employed in earlier  works by using stratified 10-fold cross-validation for  model performance assessment to improve robustness  and generalizability. Also, class imbalance was addressed  by applying SMOTE within each",0,,
11,low,Population-based dataset with adequate sample size,unclear,unclear,high,High AUC with weak validation and/or no calibration reporting,high,"Islam et al., 2024",Prediction of undernutrition and identification of its influencing predictors among under‑five children in Bangladesh using explainable machine learning algorithms,Prediction of undernutrition and identification of its influencing predictors among under-five children in Bangladesh using explainable machine learning algorithms.pdf,0,1,0,0,1,0,1,1,4,50.0,Internal resampling (cross-validation),Reported,3,"l problems), a total of 7,796 stunting, 7,777 wasting, and 7,838 underweight cases were incorporated for analysis. 2.2. Ethical approval This study made use of an available public domain survey dataset from the BDHS, 2017–18. The BDHS surveys received ethical approval from ICF Macro Institutional Review Board, Maryland, USA, and the National Research Eth",1,1,"s unrestricted use, distribution, and reproduction in any medium, provided the original author and source are credited. Data Availability Statement: TThe data set used and analyzed in this study is freely available at the Demographic and Health Surveys (DHS) program website https://dhsprogram.com/data/available- datasets.cfm. Interested researchers can fr",0,,,1,1,"rformance was eval- uated through accuracy and area under the curve (AUC). Additionally, SHapley Additive exPlanations (SHAP) were employed to illustrate the influencing predictors of undernutrition. Results The XGB-based model outperformed the other models, with the accuracy and AUC respec- tively 81.73% and 0.802 for stunting, 76.15% and 0.",0,,,0,,,1,5,"hildren in the training set and 1559 in the testing set for stunting, 6222 children in the training set and 1555 in the testing set for wasting, 6270 children in the training set, and 1568 in the testing set for underweight. Table 1. Description and categorization of the predictors. Predictors Descriptions Categorization Age Age of the respondents 1",0,,
12,unclear,Insufficient detail on sampling/representativeness,unclear,unclear,unclear,Validation limited; calibration incomplete,unclear,"Minardi et al., 2025",Comparison of SVM‑SMOTE and Tomek Link Methods to Classify Stunting in Children,Enhancing Stunting Detection Accuracy in Children Using SVM with Advanced Data Balancing Techniques .pdf,0,0,0,0,0,1,1,0,2,25.0,Not reported/unclear,Not reported/unclear,,,1,8,for support.  7.  FUNDING STATEMENT   The authors did not receive financing for the development of this research.  8.  DATA AVAILABILITY   The  data  supporting  the  findings  of  this  investigation  are  accessible  from  :  https://github.com/reesarosyid/Stunting_classification/tree/main/Data  9.  CONFLICT OF INTEREST   The authors assert that no con,1,8,".  DATA AVAILABILITY   The  data  supporting  the  findings  of  this  investigation  are  accessible  from  :  https://github.com/reesarosyid/Stunting_classification/tree/main/Data  9.  CONFLICT OF INTEREST   The authors assert that no conflict of interest exists.  REFERENCES  [1]  D. J. Raiten and A. A. Bremer, “Exploring the nutritional ecology",0,,,0,,,0,,,0,,,0,,
13,unclear,Insufficient detail on sampling/representativeness,unclear,unclear,high,High AUC with weak validation and/or no calibration reporting,high,"Mkungudza et al., 2024",Diagnostic predictive model for child stunting in Malawi,Development of a diagnostic predictive model for determining child stunting in Malawi- a comparative analysis of variable selection approaches.pdf,1,1,1,0,0,0,1,1,5,62.5,External validation,Reported - exempt/not applicable,10,", which HST and SOM critically  edited and revised. All authors have approved the final version for submission. Funding Not applicable. Availability of data and materials The data generated and analysed from this study are available upon request  from the corresponding author. The original 2015/16 Malawi DHS data set is  available on the DHS Program we",1,10,SOM critically  edited and revised. All authors have approved the final version for submission. Funding Not applicable. Availability of data and materials The data generated and analysed from this study are available upon request  from the corresponding author. The original 2015/16 Malawi DHS data set is  available on the DHS Program website: https://​dhspr​,0,,,0,,,1,6,"a stunted child than finding a  non-stunted child. Hence, more attention is on the sen- sitivity than the specificity. Calibration plots illustrating the analysis results for  each model are presented in Fig.  3. The calibration  performance varied across models, with some models  Table 1  Variables selected by automated methods Backward Forward St",1,11,"Brintz BJ, Pavlinac PB, Shahrin L, Huq S, Levine AC, Nelson EJ,  Platts-Mills JA, Kotloff KL, Leung DT. Derivation and external validation of  clinical prediction rules identifying children at risk of linear growth falter- ing. Elife. 2023;12:e78491. 	39.	 Sanchez-Pinto LN, Venable LR, Fahrenbach J, Churpek MM. Comparison  of variable selection methods for",1,4,"ed by the six  variable selection algorithms on the training set (80%),  and the models were validated on the remaining test set  (20%). Another logistic regression model was also fitted  based on the risk factors commonly selected by all vari- able selection algorithms. These models were compared  for their discriminative ability and predictive",0,,
14,low,Population-based dataset with adequate sample size,unclear,unclear,high,High AUC with weak validation and/or no calibration reporting,high,"Munyemana et al., 2024",Impact of national nutrition programs on stunting reduction in Rwanda using machine learning classifiers,The role of national nutrition programs on stunting reduction in Rwanda using machine learning classifiers- a retrospective study.pdf,0,0,0,0,1,0,1,1,3,37.5,Not reported/unclear,Reported - exempt/not applicable,13,"emoved during data extraction,  and completely anonymous identification numbers were generated. Consent for publication Not applicable. Competing interests The authors declare no competing interests. Author details 1 African Centre of Excellence in Data Science, University of Rwanda, Kigali,  Rwanda. 2 Rwanda Agriculture and Animal Resources Developmen",1,12,"uscript. Funding No specific grant was given for this research by public, private, or nonprofit  funding organizations. Availability of data and materials Data was provided in the supplementary information.",0,,,1,11,"bors outperformed the other classifi- ers. This demonstrated that its performance provides a  more reliable estimate of feature importance and that it  can be used to predict some health indicators in a vari- ety of ways. Discussion of the results Accelerating the decrease in stunting would require suc- cessful, comprehensive nutrition-sensitive programs t",0,,,0,,,0,,,0,,
15,unclear,Insufficient detail on sampling/representativeness,unclear,unclear,unclear,Validation limited; calibration incomplete,unclear,"Nduwayezu et al., 2024",Spatial Machine Learning for Exploring the Variability in Low Height‑For‑Age From the Northern Province of Rwanda,Childhood stunting is highly clustered in Northern Province of Rwanda- A spatial analysis of a population-based study .pdf,0,0,0,0,0,0,1,1,2,25.0,Not reported/unclear,Reported,10,"stunting hotspots, in contrast to the routine approach of undernutrition alleviation in Rwanda and similar settings.  Ethics statement  This multidisciplinary study involved eight doctoral students and two postdoctoral fellows. Before data collection, ethical approval  was obtained from the University of Rwanda College of Medicine and Health Sciences I",1,10,"nal Development Cooperation Agency (SIDA), grant number (SIDA Contribution  no 11277), especially for data collection.  Availability of data and materials  The datasets generated and/or analysed during the current study are not publicly available because of the privacy of the partic­ ipants (their personal identity and other very sensitive information). The",0,,,0,,,0,,,0,,,0,,,0,,
16,unclear,Insufficient detail on sampling/representativeness,unclear,unclear,unclear,Validation limited; calibration incomplete,unclear,"Ningrum & Ikawati, 2024",Early Detection of Stunting Based on Feature Engineering and Machine Learning Algorithm Approach,Early Detection of Stunting Based on Feature Engineering and Machine Learning Algorithm Approach.pdf,0,0,0,0,1,0,0,0,1,12.5,Not reported/unclear,Not reported/unclear,,,0,,,0,,,1,5,"es an instance as  belonging to the negative class.  C. RESULTS  Table 3 shows the feature selection results using  the feature importance method. Based on the  initial 13 features, seven features show a value  of more than 0.080 as essential features. We  chose only seven main features because they are the  most important in producing a good score. High-",0,,,0,,,0,,,0,,
17,low,Population-based dataset with adequate sample size,unclear,unclear,high,High AUC with weak validation and/or no calibration reporting,high,"Novalina et al., 2025",Benchmarking machine learning algorithm for stunting risk prediction in Indonesia,Benchmarking machine learning algorithm for stunting risk prediction in Indonesia.pdf,0,1,0,0,0,0,1,1,3,37.5,Internal resampling (cross-validation),Reported - exempt/not applicable,10,ROVAL   The authors state no ethical approval requirements for this study.      DATA AVAILABILITY  Data availability is not applicable to this paper as no new data were created or analyzed in this  study.,1,10,equired for this study.      ETHICAL APPROVAL   The authors state no ethical approval requirements for this study.      DATA AVAILABILITY  Data availability is not applicable to this paper as no new data were created or analyzed in this  study.,0,,,0,,,0,,,0,,,1,7,"reprocessing  The dataset has been examined and found to have no missing values. We split the dataset using a  ratio of 80:20. The stratified K-Fold cross-validation (CV) technique, with K=5, is applied to the training  data to ensure the equitable distribution for robustness and effectiveness of the model.   It is essential to acknowledge tha",0,,
18,unclear,Insufficient detail on sampling/representativeness,unclear,unclear,high,High AUC with weak validation and/or no calibration reporting,high,"Pramana et al., 2024",ESDS: AI‑Powered Early Stunting Detection and Monitoring System using Edited Radius‑SMOTE Algorithm,ESDS- AI-Powered Early Stunting Detection and Monitoring System using Edited Radius-SMOTE Algorithm.pdf,0,0,1,0,0,0,0,0,1,12.5,Internal resampling (bootstrap),Not reported/unclear,,,0,,,0,,,0,,,1,2,"on. Finally, to ensure the accuracy and compatibility of each component, the load cell sensor and the ultrasonic sensor calibration using known weights and lengths are performed, respectively. The half-bridge 112",0,,,0,,,0,,
19,low,Population-based dataset with adequate sample size,unclear,unclear,high,High AUC with weak validation and/or no calibration reporting,high,"Rahman et al., 2021","Investigate the risk factors of stunting, wasting, and underweight among under‑5 children in Bangladesh using machine learning approaches","Investigate the risk factors of stunting, wasting, and underweight among under-five Bangladeshi children and its prediction based on machine learning approach.pdf",0,0,0,0,0,0,1,1,2,25.0,Internal resampling (cross-validation),Reported,1,urvey datasets that are freely available online with all identifier information removed. The survey was approved by the Ethics Committee in Bangladesh. One can use the dataset from the following link as [https://dhsprogram.com/data/dataset/ Bangladesh_Standard-DHS_2014.cfm?flag=0]. Funding: The authors received no specific funding for this wor,1,1,"s unrestricted use, distribution, and reproduction in any medium, provided the original author and source are credited. Data Availability Statement: This study was based on an analysis of existing public domain survey datasets that are freely available online with all identifier information removed. The survey was approved by the Ethics Committee in Bangl",0,,,0,,,0,,,0,,,0,,,0,,
20,unclear,Insufficient detail on sampling/representativeness,unclear,unclear,unclear,Validation limited; calibration incomplete,unclear,"Rao et al., 2025",Machine learning in predicting child malnutrition: a meta‑analysis,Machine Learning in Predicting Child Malnutrition- A Meta-Analysis of Demographic and Health Surveys Data_RAO.pdf,0,0,0,0,1,1,1,1,4,50.0,Internal resampling (cross-validation),Reported - exempt/not applicable,13,"from funding agencies in the public, commer- cial, or not-for-profit sectors. Institutional Review Board Statement: The ethical committee approval was not required as this is a systematic review. Informed Consent Statement: Not applicable. Data Availability Statement: The data used in this article are not deposited in any repository. However, they can be made available upon reques",1,13,"ethical committee approval was not required as this is a systematic review. Informed Consent Statement: Not applicable. Data Availability Statement: The data used in this article are not deposited in any repository. However, they can be made available upon request (to the corresponding author). Acknowledgments: The authors are thankful to Manipal Academy",1,13,"Consent Statement: Not applicable. Data Availability Statement: The data used in this article are not deposited in any repository. However, they can be made available upon request (to the corresponding author). Acknowledgments: The authors are thankful to Manipal Academy of Higher Education, Manipal, India, for all the support and infrastructure t",1,2,"proved predictive performance [14]. Furthermore, explainable AI (XAI) methods, including Shapley additive explanations (SHAP), local interpretable model-agnostic explanations (LIME), and feature importance ranking [15,16], provide transparency and interpretability in malnutrition prediction, making these models more actionable for healthcare",0,,,0,,,0,,,0,,
21,unclear,Insufficient detail on sampling/representativeness,unclear,unclear,high,High AUC with weak validation and/or no calibration reporting,high,"Sabilillah et al., 2024",Comparison Of Machine Learning Algorithms On Stunting Detection For 'Centing' Mobile Application,Comparison of Machine Learning Algorithms on Stunting Detection for 'Centing' Mobile Application to Prevent Stunting.pdf,0,0,0,0,0,0,0,0,0,0.0,Not reported/unclear,Not reported/unclear,,,0,,,0,,,0,,,0,,,0,,,0,,,0,,
22,low,Population-based dataset with adequate sample size,unclear,unclear,high,High AUC with weak validation and/or no calibration reporting,high,"Shen et al., 2023",Machine Learning Algorithms for Predicting Stunting among Children in Papua New Guinea,Machine Learning Algorithms for Predicting Stunting among Under-Five Children in Papua New Guinea.pdf,0,1,0,0,1,0,1,1,4,50.0,Internal resampling (cross-validation),Reported - exempt/not applicable,15,"s have read and agreed to the published version of the manuscript. Funding: This research received no external funding. Institutional Review Board Statement: Not applicable, as secondary data analysis. For information on ethical approval of primary data collection, please visit https://dhsprogram.com/methodology/ Protecting-the-Privacy-of-DHS-Survey-Respondents.cfm (accessed on 17 July 202",1,15,at https:// dhsprogram.com/methodology/Protecting-the-Privacy-of-DHS-Survey-Respondents.cfm (accessed on 17 July 2023). Data Availability Statement: Access to the dataset is available at https://dhsprogram.com/data/ dataset/Papua-New-Guinea_Standard-DHS_2017.cfm?ﬂag=0 (accessed on 17 July 2023). Acknowledgments: We express our sincere gratitude to all the,0,,,1,1,"819) with accuracy, precision, recall, and F1 scores of 0.728, 0.715, 0.628, and 0.669, respectively. Combined with the SHAP value method, the optimal prediction model identiﬁed living in the Highlands Region, the age of the child, being in the richest family, and having a larger or smaller birth size as the top ﬁve important characteristics",0,,,0,,,1,6,"] Integer Min child weight [1, 20] Integer 2.3.4. Model Performance Evaluation The ﬁnal performance of the model in the test set was measured with the AUC, accuracy, precision, recall, and F1 score. Acknowledged as the main performance metric, the AUC gave the overall model performance at each possible classiﬁcation threshold. The confusion matri",0,,
23,unclear,Insufficient detail on sampling/representativeness,unclear,unclear,high,High AUC with weak validation and/or no calibration reporting,high,"Usman et al., 2022",Spatial and Machine Learning Approach to Model Childhood Stunting in Pakistan: Role of Socio-Economic and Environmental Factors,Spatial and Machine Learning Approach to Model Childhood Stunting in Pakistan- Role of Socio-Economic and Environmental Factors.pdf,0,0,0,0,1,0,1,1,3,37.5,Not reported/unclear,Reported - exempt/not applicable,15,of the manuscript. Funding: This research received no external funding. The APC was funded by the University of Warsaw. Institutional Review Board Statement: Not applicable. Informed Consent Statement: Not applicable. Data Availability Statement: All data were collected from publicly open repositories and are avail- able upon request. Acknowledgments: We want to express our thanks to the a,1,5,". 3. Research Design Pakistan is divided into six regions, which further include 160 districts (Figure 2). Due to the unavailability of data for the province of Balochistan, this study used data for ﬁve regions comprising 116 districts. Regions were mapped using the shapeﬁle of Pakistan from DIVA-GIS. All the processing and computation of data were conducted",0,,,1,12,"Figure 7 shows the most important predictors for childhood stunting. XGboost followed a two-step method in calculating feature importance. In the ﬁrst step, it selected and ranked key variables. Then it selected the relative important indicators and found the ideal subclass of features using recursive feature elimination (picking more relevant features).",0,,,0,,,0,,,0,,
24,low,Population-based dataset with adequate sample size,unclear,unclear,high,High AUC with weak validation and/or no calibration reporting,high,"Ndagijimana et al., 2023",Prediction of Stunting Among Under-5 Children in Rwanda Using Machine Learning Techniques,Prediction of Stunting Among Under-5 Children in Rwanda Using Machine Learning Techniques.pdf,0,0,0,0,1,0,1,1,3,37.5,Internal resampling (cross-validation),Reported,5,45 Using ML to Predict Stunting in Rwanda Ethics Statement  No ethics approval was required since we conducted an  analysis using publicly available data. RESULTS  Descriptive Results  The supervised feature selection using the chi-square meth­ od was performed before the analy,1,5,"L to Predict Stunting in Rwanda Ethics Statement  No ethics approval was required since we conducted an  analysis using publicly available data. RESULTS  Descriptive Results  The supervised feature selection using the chi-square meth­ od was performed before the analysis. Based on the p-value,  10 factors were chosen that contributed to stunting and had  the hi",0,,,1,3,"atified k-fold cross-validation  methodology to measure the performance of the ML algo­ rithms on the dataset. Finally, feature importance was used to  define the contribution of features in the best model. The  learning dataset is partitioned into k disjoint subgroups of ap­ Table 1. Explanatory factors measured and recorded for use in the analysis Variab",0,,,0,,,0,,,0,,
25,unclear,Insufficient detail on sampling/representativeness,unclear,unclear,high,High AUC with weak validation and/or no calibration reporting,high,"Yunus et al., 2023",Classification of Stunting in Children Using the C4.5 Algorithm,ClassificationofStunting in ChildrenUsing theC4.5 Algorithm.pdf,0,1,0,0,0,0,0,0,1,12.5,Internal resampling (cross-validation),Not reported/unclear,,,0,,,0,,,0,,,0,,,0,,,1,2,"he data. Third, the data is divided into two subsets, namely training data  and testing data using a ratio of 70:30 and 80:20. Fourth, the formation of the Decision Tree C4.5  algorithm model uses the Rapid Miner tool to train a stunting classification model using training data so  as to obtain a decision tree based on the attributes of the tr",0,,
26,low,Population-based dataset with adequate sample size,unclear,unclear,unclear,Validation limited; calibration incomplete,unclear,"Zemariam et al., 2025",Prediction of stunting among adolescent girls in Ethiopia using explainable machine learning algorithms,Prediction of stunting and its socioeconomic determinants among adolescent girls in Ethiopia using machine learning algorithms.pdf,0,1,1,0,1,0,1,1,5,62.5,Internal resampling (cross-validation),Reported,10,"lly depict the cumulative effects of these variables, empha- sizing their contributions to the overall prediction [79]. Ethical considerations The central statistical agency (CSA) received the ethical clearance for the 2016 EDHS survey from the Ethiopian Health and Nutrition Research Institute Review Board and the National Research Ethics Revi",1,1,"s unrestricted use, distribution, and reproduction in any medium, provided the original author and source are credited. Data Availability Statement: This dataset used for the current study was publicly available as a supplementary file (sup-1).",0,,,1,6,"classifier offers benefits such as improved feature selection, noise and irrelevant feature robustness, reduced bias in feature importance, reduced over fitting, resulting in better model perfor- mance, and enhanced interpretability. However, challenges and limitations associated with these techniques were existed. To address the limitations, we employ tec",1,9,"nsidered the advantages of each technique and selected the best tuning approach based on performance metrics. Moreover, calibration was performed to enhance the precision and reliability of the model, resulting in improved prediction accuracy. Association rule mining In this study, association rule analysis was applied through the Apriori algorithm",0,,,1,6,"xisted. To address the limitations, we employ techniques such as L1 or L2 regularization, cross-validation, independent test sets, parallel processing, analyzing feature importance stability, recursive feature elimination, balancing false positives and false negatives, and conducting principal component analysis [54]. Data splitting:- to train th",0,,
27,unclear,Insufficient detail on sampling/representativeness,unclear,unclear,unclear,Validation limited; calibration incomplete,unclear,"Ogwel et al., 2024",Predictive modelling of linear growth faltering among paediatric patients with diarrhoea in rural Western Kenya,Predictive modelling of linear growth faltering among pediatric patients with Diarrhea in Rural Western Kenya- an explainable machine learning approach.pdf,1,1,1,0,1,0,1,1,6,75.0,Temporal validation,Reported - exempt/not applicable,13,"ee of the University of South Africa, College of Agricul- tural Sciences (2023/CAES_HREC/2192). Consent for publication Not applicable. Competing interests The authors declare no competing interests. Author details 1 Kenya Medical Research Institute- Center for Global Health Research  (KEMRI-CGHR), P.O Box 1578‑40100, Kisumu, Kenya. 2 Department of Inf",1,13,ates Foundation (grant INV- 045988). The funders did not play any role in the study and interpretation of  its outcome. Data availability The data used for the modelling in this study belongs to KEMRI and restric- tions apply to the availability of these data. Declarations Ethics approval and consent to participate The VIDA protocol was approved by the In,0,,,1,4,"s, we conducted  explanatory model analysis (EMA) for the top two  models using a model agnostic procedure to estimate  SHapley Additive exPlanations (SHAPs) attributions,  showing the magnitude and direction of association,  drawing on the DALEX package [29]. Temporal Validation and Business Value Evaluation We further conducted temporal valida",1,4,"sitives) across various thresholds.  We determined the champion model as the model  with the best AUC. We also assessed calibration in the  developed models using Brier scores (the mean squared  error between the actual outcome and the estimated  probabilities), Spiegelhalter’s z-test (a formal measure- ment that serves as a proxy for calibration ca",1,1,"lit-sampling and K-fold cross-validation with over-sampling technique, and data from EFGH-Shigella study (n = 655)  for temporal validation. Potential predictors (n = 65) included demographic, household-level characteristics, illness  history, anthropometric and clinical data were identified using boruta feature selection with an explanatory model  analysis",1,2,nal validation with a split-sam- pling conducted in the ratio 3:1 to partition the develop- ment data into training and test sets [21].,0,,
28,unclear,Insufficient detail on sampling/representativeness,unclear,unclear,high,High AUC with weak validation and/or no calibration reporting,high,"Sugihartono et al., 2025","Optimizing Stunting Detection through SMOTE and Machine Learning: a Comparative Study of XGBoost, Random Forest, SVM, and k-NN","Optimizing Stunting Detection through SMOTE and Machine Learning- a Comparative Study of XGBoost, Random Forest, SVM, and k-NN.pdf",0,1,0,0,1,0,1,1,4,50.0,Hold-out split,Reported - exempt/not applicable,14,"l support for the research, authorship, and/or publication of this article.  6.4. Institutional Review Board Statement  Not applicable.  6.5. Informed Consent Statement  Not applicable.  6.6. Declaration of Competing Interest  The authors declare that they have no known competing financial interests or personal relationships that could have  appeared t",1,14,"S., and H.A.A.; Visualization:  T.S. All authors have read and agreed to the published version of the manuscript.  6.2. Data Availability Statement  The data presented in this study are available on request from the corresponding author.  6.3. Funding  The authors received no financial support for the research, authorship, and/or publication of this artic",0,,,1,2,"of the focus has been on disease prediction, such as cancer and diabetes [7]. For instance,  a comparative analysis of explainable AI models for lung cancer prediction, emphasizing the importance of  transparency in AI-driven health predictions. However, only some studies have specifically addressed stunting  detection, leaving a gap in applying ML mo",0,,,0,,,1,4,"performed on the raw, imbalanced dataset using the full set of features [16]. The dataset was split  into training and testing sets using an 80:20 ratio, with 80% of the data used for training and the remaining 20% for  testing. This ensured that the models could be evaluated on unseen data. Basic hyperparameter tuning was performed  for each model",0,,
